-- Ajout des donnees dans la table Autorisation

INSERT INTO `Autorisation` (`id_autorisation`, `nom`) VALUES
     (1, 'ajouter_un_nouvel_employe'),
     (2, 'modifier_les_informations_d_un_employe'),
     (3, 'supprimer_un_employe'),
     (4, 'lister_tous_les_employes'),
     (5, 'lister_les_employes_par_grade_poste'),
     (6, 'rechercher_un_employe_par_nom_prenom_ou_departement'),
     (7, 'rechercher_un_employe_par_matricule'),
     (8, 'affecter_un_employe_a_un_ou_plusieurs_projets'),
     (9, 'ajouter_un_departement'),
     (10, 'lister_les_departements'),
     (11, 'affecter_un_employe_a_un_departement'),
     (12, 'visualiser_les_membres_d_un_departement'),
     (13, 'creer_supprimer_un_projet'),
     (14, 'modifier_un_projet'),
     (15, 'affecter_des_employes_a_un_projet'),
     (16, 'suivre_l_etat_d_avancement_etat_en_cours_termine_annule'),
     (17, 'creer_une_fiche_de_paie_pour_un_employe_pour_un_mois_donne'),
     (18, 'consulter_sa_propre_fiche_de_paie'),
     (19, 'consulter_les_fiches_de_paie_d_un_employe'),
     (20, 'generer_une_fiche_de_paie_imprimable'),
     (21, 'rechercher_les_fiches_par_periode_ou_par_employe'),
     (22, 'gestion_des_roles_administrateur_administrateur_rh_chef_du_departement_chef_du_projet_employe');


-- Ajout des donnees dans la table Role

INSERT INTO Role (id_role, nom, description) VALUES
     (1, 'administrateur', 'Responsable de l_ensemble du Systeme d_Information'),
     (2, 'administrateur_rh', 'Responsable des opérations RH'),
     (3, 'chef_de_departement', 'Responsable d_un département'),
     (4, 'chef_de_projet', 'Responsable d_un ou plusieurs projets'),
     (5, 'employe', 'Employé classique');



-- Ajout des données dans la table Role_Autorisation
INSERT INTO Role_Autorisation (id_role, id_autorisation) VALUES
(1, 1),
(1, 2),
(1, 3),
(1, 4),
(1, 5),
(1, 6),
(1, 7),
(1, 8),
(1, 9),
(1, 10),
(1, 11),
(1, 12),
(1, 13),
(1, 14),
(1, 15),
(1, 16),
(1, 17),
(1, 18),
(1, 19),
(1, 20),
(1, 21),
(1, 22),
(2, 1),
(2, 2),
(2, 3),
(2, 4),
(2, 5),
(2, 6),
(2, 7),
(2, 10),
(2, 12),
(2, 17),
(2, 18),
(2, 19),
(2, 20),
(2, 21),
(3, 4),
(3, 5),
(3, 6),
(3, 8),
(3, 10),
(3, 11),
(3, 12),
(3, 13),
(3, 14),
(3, 15),
(3, 16),
(3, 18),
(4, 4),
(4, 5),
(4, 6),
(4, 8),
(4, 10),
(4, 12),
(4, 14),
(4, 15),
(4, 16),
(4, 18),
(5, 4),
(5, 5),
(5, 6),
(5, 10),
(5, 12),
(5, 16),
(5, 18);